Question,Answer,Domain
Can you briefly introduce yourself and your academic background?,"Introduce your name, educational background, and any notable academic achievements or research experiences related to Chemistry.",Chemistry 
Why did you choose Chemistry as your field of study?,"Discuss your interest in Chemistry, its real-world applications, and how it aligns with your career goals.",Chemistry 
What areas of Chemistry are you most interested in?,"Explain the specific areas you're passionate about, such as organic, inorganic, physical, analytical, or biochemistry.",Chemistry 
"What is your favorite branch of Chemistry, and why?","Describe your favorite branch (e.g., organic chemistry) and what fascinates you about it.",Chemistry 
Can you explain the differences between organic and inorganic chemistry?,"Organic chemistry focuses on carbon-containing compounds, while inorganic chemistry deals with compounds not containing carbon, like metals and minerals.",Chemistry 
What is the principle behind the spectroscopic technique you have worked with?,"Spectroscopy is based on the interaction of light with matter to identify molecular structures or measure concentrations. Techniques include UV-Vis, IR, NMR.",Chemistry 
How do you perform a titration experiment? Describe the steps.,"A titration involves adding a solution of known concentration to a solution of unknown concentration until the reaction reaches an endpoint, typically indicated by a color change.",Chemistry 
"What are the various types of chromatography, and how do they differ?","Chromatography includes techniques like paper, thin-layer, gas, and liquid chromatography, each used to separate mixtures based on their interaction with a stationary phase.",Chemistry 
What is the importance of pH in chemical reactions?,"pH measures the acidity or alkalinity of a solution, influencing the rate and outcome of many chemical reactions.",Chemistry 
Explain the concept of chemical equilibrium.,"Chemical equilibrium occurs when the rate of the forward reaction equals the rate of the reverse reaction, and the concentrations of reactants and products remain constant.",Chemistry 
Can you define the law of conservation of mass?,"The law of conservation of mass states that mass is neither created nor destroyed in a chemical reaction, only rearranged.",Chemistry 
How would you determine the molecular weight of a substance?,"The molecular weight can be determined by summing the atomic weights of all atoms in a molecule, or by using methods like mass spectrometry.",Chemistry 
Can you explain the principles of gas chromatography and its applications?,"Gas chromatography separates volatile compounds by passing them through a column while the components interact with a stationary phase, and is used in various chemical analyses.",Chemistry 
What is the role of catalysts in chemical reactions?,"Catalysts speed up chemical reactions without being consumed in the process, often by lowering the activation energy.",Chemistry 
What is the difference between an exothermic and an endothermic reaction?,"Exothermic reactions release energy (usually as heat), while endothermic reactions absorb energy from the surroundings.",Chemistry 
Can you explain the concept of hybridization in chemistry?,"Hybridization describes the mixing of atomic orbitals to form new hybrid orbitals, which helps explain the geometry of molecules.",Chemistry 
What is the difference between ionic and covalent bonding?,"Ionic bonds form between atoms with a large electronegativity difference, where electrons are transferred, while covalent bonds involve the sharing of electrons between atoms with similar electronegativity.",Chemistry 
How does the periodic table organize elements?,"The periodic table organizes elements by increasing atomic number and groups them based on similar properties, such as metals, nonmetals, and noble gases.",Chemistry 
Can you describe the process of distillation and its applications?,"Distillation separates components of a mixture based on differences in boiling points, commonly used in purifying liquids or separating volatile compounds.",Chemistry 
How do you separate a mixture of two liquids with different boiling points?,"This can be done using distillation, where the components are vaporized and then condensed based on their differing boiling points.",Chemistry 
What is the difference between acids and bases?,"Acids donate protons (H+), while bases accept protons. The pH scale measures acidity or basicity of a solution.",Chemistry 
Can you explain the concept of oxidation and reduction reactions?,"Oxidation involves the loss of electrons, while reduction involves the gain of electrons. These reactions often occur simultaneously (redox reactions).",Chemistry 
What are the different types of isomerism in organic chemistry?,"Isomerism refers to compounds with the same molecular formula but different structures, including structural, geometric, and optical isomerism.",Chemistry 
How do you determine the structure of an unknown compound?,"Structural determination involves techniques like spectroscopy (NMR, IR, UV-Vis), crystallography, and chemical reactions.",Chemistry 
What is the significance of molecular orbital theory?,Molecular orbital theory explains how atoms combine to form molecules by considering the combination of atomic orbitals to form molecular orbitals.,Chemistry 
"What are the different types of reactions in organic chemistry (e.g., nucleophilic substitution, elimination)?","Organic reactions include nucleophilic substitution, electrophilic addition, elimination, and rearrangement, each with specific mechanisms and outcomes.",Chemistry 
What is the concept of chirality in organic molecules?,"Chirality refers to molecules that cannot be superimposed on their mirror images, often affecting the molecule's reactivity and interactions.",Chemistry 
How do you determine the functional groups in an organic compound?,"Functional groups can be identified using spectroscopic techniques like IR and NMR, which provide characteristic absorption or chemical shifts.",Chemistry 
"What are transition metals, and why are they important in chemistry?","Transition metals are elements that form compounds with variable oxidation states and are key in catalysis, materials science, and biochemistry.",Chemistry 
Can you explain the concept of solubility and factors affecting it?,"Solubility is the ability of a substance to dissolve in a solvent. Factors like temperature, pressure, and polarity influence solubility.",Chemistry 
What is the importance of safety in a laboratory setting?,"Safety is crucial to prevent accidents and exposure to hazardous chemicals. Proper lab protocols, equipment, and precautions should always be followed.",Chemistry 
Can you describe the process of preparing a buffer solution?,Buffer solutions resist changes in pH by neutralizing acids or bases. They're prepared by mixing a weak acid with its conjugate base (or vice versa).,Chemistry 
How does the concentration of a solution affect its reactivity?,"Higher concentrations of reactants lead to more collisions, increasing the reaction rate, while lower concentrations slow the reaction.",Chemistry 
What is the role of spectroscopy in identifying molecular structures?,"Spectroscopy helps determine the molecular structure of compounds by analyzing their interaction with light, providing information about functional groups and bonding.",Chemistry 
Can you explain the process of crystallization and its importance?,"Crystallization is the process of forming solid crystals from a solution, used to purify compounds by separating them from impurities.",Chemistry 
"What is the difference between a primary, secondary, and tertiary alcohol?","Primary alcohols have one alkyl group attached to the hydroxyl group, secondary alcohols have two, and tertiary alcohols have three.",Chemistry 
What are some common laboratory techniques for purifying organic compounds?,"Techniques include recrystallization, distillation, chromatography, and extraction.",Chemistry 
How do you calculate the percent yield in a chemical reaction?,Percent yield is calculated by dividing the actual yield by the theoretical yield and multiplying by 100.,Chemistry 
Can you describe the concept of molecular symmetry?,"Molecular symmetry refers to the symmetry elements (like axes of rotation) in a molecule, which can influence its physical and chemical properties.",Chemistry 
What is the importance of spectroscopy in the analysis of compounds?,"Spectroscopy is essential for identifying compounds, determining concentrations, and studying molecular behavior.",Chemistry 
Can you explain the concept of Gibbs free energy in chemical reactions?,Gibbs free energy predicts the spontaneity of a reaction. A negative change in Gibbs free energy indicates a spontaneous reaction.,Chemistry 
What are Lewis acids and Lewis bases?,"Lewis acids are electron pair acceptors, and Lewis bases are electron pair donors.",Chemistry 
Can you explain what a buffer solution is and how it works?,"A buffer solution resists changes in pH by neutralizing added acids or bases, maintaining a stable pH.",Chemistry 
What are the key differences between nucleophilic and electrophilic reactions?,"Nucleophilic reactions involve electron-rich species attacking electron-deficient centers, while electrophilic reactions involve electron-deficient species attacking electron-rich centers.",Chemistry 
What is the significance of Enthalpy and Entropy in chemical reactions?,"Enthalpy refers to the heat content of a system, while entropy measures disorder. The balance between enthalpy and entropy determines the spontaneity of a reaction.",Chemistry 
How does temperature affect the rate of chemical reactions?,Increasing temperature typically increases reaction rates by providing more energy for reactants to reach the activation energy.,Chemistry 
Can you describe the process of oxidation in organic chemistry?,"Oxidation in organic chemistry involves the loss of electrons, often increasing the number of bonds to oxygen or decreasing the number of bonds to hydrogen.",Chemistry 
How would you calculate the pKa of a compound?,The pKa is determined experimentally by measuring the pH at the point where a weak acid or base is titrated and calculating the pKa from the equilibrium constant.,Chemistry 
Can you discuss the application of organic synthesis in the pharmaceutical industry?,"Organic synthesis is vital in creating new pharmaceuticals, enabling the design and production of complex molecules with specific therapeutic effects.",Chemistry 
How would you handle a situation where an experiment does not go as planned?,"I would troubleshoot by reviewing the procedure, checking the equipment, and consulting with colleagues or supervisors to resolve any issues.",Chemistry 
