Domain,Question,Answer
Quantum Computing,What is quantum computing?,"Quantum computing is a type of computation that takes advantage of quantum mechanics principles, such as superposition, entanglement, and interference, to perform calculations more efficiently for certain tasks than classical computers."
Quantum Computing,What is a qubit?,"A qubit, or quantum bit, is the basic unit of quantum information. Unlike a classical bit, which can only be 0 or 1, a qubit can exist in a superposition of both states simultaneously."
Quantum Computing,What is superposition in quantum computing?,"Superposition refers to a quantum system's ability to exist in multiple states simultaneously until it is measured."
Quantum Computing,What is quantum entanglement?,"Quantum entanglement is a phenomenon where two or more qubits become correlated such that the state of one qubit instantly influences the state of another, no matter the distance between them."
Quantum Computing,What is a quantum gate?,"A quantum gate manipulates qubits and changes their states, similar to how classical logic gates manipulate bits. Examples include the Hadamard gate, Pauli gates, and CNOT gate."
Quantum Computing,What is the Hadamard gate?,"The Hadamard gate creates superposition in a qubit by converting a state of |0⟩ or |1⟩ into an equal probability of both |0⟩ and |1⟩."
Quantum Computing,What is a quantum circuit?,"A quantum circuit is a sequence of quantum gates applied to qubits to perform a computation."
Quantum Computing,What is the difference between classical and quantum computing?,"Classical computing uses binary bits (0 or 1) for computation, while quantum computing uses qubits, which can represent 0, 1, or any superposition of these states, enabling more parallelism and efficiency for certain problems."
Quantum Computing,What is quantum decoherence?,"Quantum decoherence occurs when qubits lose their quantum state due to interaction with the environment, leading to loss of superposition or entanglement."
Quantum Computing,What is quantum tunneling?,"Quantum tunneling is a phenomenon where particles pass through energy barriers that would be insurmountable according to classical physics."
Quantum Computing,What are the main applications of quantum computing?,"Quantum computing is used in optimization problems, cryptography, material science, machine learning, drug discovery, and quantum simulations."
Quantum Computing,What is Shor’s algorithm?,"Shor’s algorithm is a quantum algorithm used for integer factorization, which has significant implications for breaking RSA encryption in cryptography."
Quantum Computing,What is Grover’s algorithm?,"Grover's algorithm is a quantum search algorithm that finds an item in an unsorted database in O(√N) time, offering a quadratic speedup over classical algorithms."
Quantum Computing,What is a quantum annealer?,"A quantum annealer is a specialized quantum computer used for solving optimization problems by finding the lowest-energy configuration of a system."
Quantum Computing,What is IBM Quantum Experience?,"IBM Quantum Experience is a cloud-based platform that allows users to access real quantum computers and simulators for running quantum experiments."
Quantum Computing,What is the Bloch sphere?,"The Bloch sphere is a geometrical representation of a qubit's state, where the quantum state can be visualized as a point on a sphere."
Quantum Computing,What is quantum supremacy?,"Quantum supremacy refers to the demonstration of a quantum computer performing a calculation that is infeasible for any classical computer."
Quantum Computing,What is a quantum Fourier transform?,"The quantum Fourier transform (QFT) is the quantum analog of the discrete Fourier transform, used in quantum algorithms like Shor's algorithm."
Quantum Computing,What are eigenstates and eigenvalues in quantum mechanics?,"Eigenstates are the possible states of a quantum system associated with specific measurements, and eigenvalues are the corresponding measurable values."
Quantum Computing,What is quantum teleportation?,"Quantum teleportation is a process where the state of one qubit is transferred to another qubit at a different location using entanglement and classical communication."
Quantum Computing,What is the No-Cloning Theorem in quantum computing?,"The No-Cloning Theorem states that it is impossible to create an identical copy of an arbitrary unknown quantum state."
Quantum Computing,What is the difference between a pure state and a mixed state in quantum mechanics?,"A pure state is a quantum state with complete information (described by a single wavefunction), while a mixed state is a probabilistic mixture of different states."
Quantum Computing,What is a quantum register?,"A quantum register is a collection of qubits used to store and process quantum information in a quantum computer."
Quantum Computing,What is a controlled NOT (CNOT) gate?,"A CNOT gate is a two-qubit quantum gate that flips the state of the second (target) qubit if the first (control) qubit is in state |1⟩."
Quantum Computing,What are quantum bits made of?,"Qubits can be implemented using various technologies, such as superconducting circuits, trapped ions, quantum dots, and photonic systems."
Quantum Computing,What is quantum error correction?,"Quantum error correction uses additional qubits and algorithms to detect and correct errors in quantum computations caused by decoherence and noise."
Quantum Computing,What is a quantum simulator?,"A quantum simulator is a device that mimics the behavior of a quantum system to study its properties and dynamics."
Quantum Computing,What are Bell states?,"Bell states are specific quantum states of two qubits that are maximally entangled."
Quantum Computing,What is a quantum algorithm?,"A quantum algorithm is a step-by-step procedure executed on a quantum computer to solve specific problems more efficiently than classical algorithms."
Quantum Computing,What is quantum annealing used for?,"Quantum annealing is used to solve optimization problems, such as minimizing energy configurations or finding optimal solutions to NP-hard problems."
Quantum Computing,What is a phase kickback in quantum computing?,"Phase kickback is a phenomenon where the phase information is transferred back to the control qubit in a quantum circuit."
Quantum Computing,What is the role of interference in quantum computing?,"Interference allows quantum algorithms to amplify the probabilities of correct solutions while canceling out incorrect ones."
Quantum Computing,What is quantum cryptography?,"Quantum cryptography uses quantum mechanics principles, like entanglement and uncertainty, to ensure secure communication."
Quantum Computing,What is a quantum key distribution (QKD)?,"QKD is a method of secure communication that uses quantum mechanics to distribute encryption keys, ensuring that any eavesdropping attempts can be detected."
Quantum Computing,What is the D-Wave quantum computer?,"D-Wave is a company that builds quantum annealers, specialized quantum computers for optimization and sampling problems."
Quantum Computing,What is a quantum walk?,"A quantum walk is the quantum counterpart of a classical random walk, used in quantum algorithms for search and graph traversal problems."
Quantum Computing,What is a universal quantum gate set?,"A universal quantum gate set is a collection of quantum gates that can be combined to approximate any quantum operation."
Quantum Computing,What is an eigenvector in quantum mechanics?,"An eigenvector represents a state of a system associated with a specific measurable quantity (eigenvalue)."
Quantum Computing,What is the role of a quantum phase in quantum computation?,"Quantum phase encodes information that can be manipulated and exploited in quantum algorithms to achieve computational advantages."
Quantum Computing,What is the Deutsch-Jozsa algorithm?,"The Deutsch-Jozsa algorithm determines whether a function is constant or balanced using a single query, showcasing quantum parallelism."
Quantum Computing,What is quantum coherence?,"Quantum coherence refers to the maintenance of quantum superposition and phase relationships between qubit states."
Quantum Computing,What are the challenges in building a quantum computer?,"Challenges include maintaining coherence, error correction, scalability, and developing efficient quantum algorithms."
Quantum Computing,What is a quantum oracle?,"A quantum oracle is a black-box operation used in quantum algorithms to encode a problem or function to be solved."
Quantum Computing,What is amplitude amplification in quantum computing?,"Amplitude amplification is a technique that increases the probability of measuring the correct state in a quantum algorithm, used in Grover's algorithm."
Quantum Computing,What are quantum teleportation's key requirements?,"Quantum teleportation requires a shared entangled state, classical communication, and a quantum gate operation."
Quantum Computing,What is variational quantum eigensolver (VQE)?,"VQE is a hybrid quantum-classical algorithm for finding the ground state energy of quantum systems, useful in quantum chemistry."
Quantum Computing,What is a Hamiltonian in quantum mechanics?,"A Hamiltonian is an operator representing the total energy of a quantum system, used to describe its evolution over time."
Quantum Computing,What is quantum tomography?,"Quantum tomography is a technique used to reconstruct the quantum state of a system by measuring it in different bases."
Quantum Computing,What is quantum tunneling?,"Quantum tunneling is the ability of quantum particles to pass through barriers that are insurmountable in classical mechanics."
Quantum Computing,What is the significance of superposition?,"Superposition allows quantum computers to explore multiple possibilities simultaneously, offering a parallelism advantage."
